CMTE_ID,Leadership Pacs,Sponsor Name,PAC Name,Committee Designation,AMNDT_IND,RPT_TP,TRANSACTION_PGI,IMAGE_NUM,TRANSACTION_TP,ENTITY_TP,NAME,CITY,STATE,ZIP_CODE,EMPLOYER,OCCUPATION,TRANSACTION_DT,TRANSACTION_AMT,OTHER_ID,CAND_ID,Candidate Name,TRAN_ID,FILE_NUM,MEMO_CD,MEMO_TEXT,SUB_ID
C00942326,ACCOUNTABLE LEADERS FOR MONTANA'S EXCELLENCE,"ALME, KURT",ACCOUNTABLE LEADERS FOR MONTANA'S EXCELLENCE,D,N,Q2,P2026,2.02607E+17,24K,CCM,BARRY MOORE FOR U.S. SENATE,ENTERPRISE,AL,36331,,,5102026,3500,C00720375,S6AL00476,"MOORE, FELIX BARRY",SB23.I170,1997223,,,4.07232E+18
C00942326,ACCOUNTABLE LEADERS FOR MONTANA'S EXCELLENCE,"ALME, KURT",ACCOUNTABLE LEADERS FOR MONTANA'S EXCELLENCE,D,N,Q2,R2026,2.02607E+17,24K,CCM,BARRY MOORE FOR U.S. SENATE,ENTERPRISE,AL,36331,,,5292026,3500,C00720375,S6AL00476,"MOORE, FELIX BARRY",SB23.I171,1997223,,,4.07232E+18
C00880724,CONSERVATIVE SERVICE ACTION RESULTS (CSAR) PAC,"DOWNING, TROY",CONSERVATIVE SERVICE ACTION RESULTS (CSAR) PAC,D,N,MY,P2026,2.02507E+17,24K,CCM,ALASKANS FOR NICK BEGICH,CHUGIAK,AK,99567,,,3202025,500,C00792341,H2AK01083,"BEGICH, NICHOLAS III",SB23.4256,1907573,,,4.07312E+18
C00880724,CONSERVATIVE SERVICE ACTION RESULTS (CSAR) PAC,"DOWNING, TROY",CONSERVATIVE SERVICE ACTION RESULTS (CSAR) PAC,D,N,MY,P2026,2.02507E+17,24K,CCM,ALASKANS FOR NICK BEGICH,CHUGIAK,AK,99567,,,6242025,1000,C00792341,H2AK01083,"BEGICH, NICHOLAS III",SB23.4304,1907573,,,4.07312E+18
C00880724,CONSERVATIVE SERVICE ACTION RESULTS (CSAR) PAC,"DOWNING, TROY",CONSERVATIVE SERVICE ACTION RESULTS (CSAR) PAC,D,N,YE,P2026,2.02601E+17,24K,CCM,ALASKANS FOR NICK BEGICH,CHUGIAK,AK,99567,,,9162025,1000,C00792341,H2AK01083,"BEGICH, NICHOLAS III",SB23.4337,1942923,,,4.03032E+18
C00880724,CONSERVATIVE SERVICE ACTION RESULTS (CSAR) PAC,"DOWNING, TROY",CONSERVATIVE SERVICE ACTION RESULTS (CSAR) PAC,D,N,YE,P2026,2.02601E+17,24K,CCM,ALASKANS FOR NICK BEGICH,CHUGIAK,AK,99567,,,12172025,1000,C00792341,H2AK01083,"BEGICH, NICHOLAS III",SB23.4353,1942923,,,4.03032E+18
C00880724,CONSERVATIVE SERVICE ACTION RESULTS (CSAR) PAC,"DOWNING, TROY",CONSERVATIVE SERVICE ACTION RESULTS (CSAR) PAC,D,N,MY,P2026,2.02507E+17,24K,CCM,BRIAN FITZPATRICK FOR ALL OF US,LANGHORNE,PA,19047,,,3202025,500,C00607416,H6PA08277,"FITZPATRICK, BRIAN",SB23.4290,1907573,,,4.07312E+18
C00880724,CONSERVATIVE SERVICE ACTION RESULTS (CSAR) PAC,"DOWNING, TROY",CONSERVATIVE SERVICE ACTION RESULTS (CSAR) PAC,D,N,Q2,P2026,2.02607E+17,24K,CCM,CELESTE FOR CONGRESS,CEDAR CITY,UT,84721,,,6012026,1000,C00842765,H4UT02296,"MALOY, CELESTE",SB23.4387,1994746,,,4.07272E+18
C00880724,CONSERVATIVE SERVICE ACTION RESULTS (CSAR) PAC,"DOWNING, TROY",CONSERVATIVE SERVICE ACTION RESULTS (CSAR) PAC,D,N,MY,P2026,2.02507E+17,24K,CCM,CISCOMANI FOR CONGRESS,TUCSON,AZ,85740,,,3202025,500,C00786194,H2AZ02360,"CISCOMANI, JUAN",SB23.4262,1907573,,,4.07312E+18
C00880724,CONSERVATIVE SERVICE ACTION RESULTS (CSAR) PAC,"DOWNING, TROY",CONSERVATIVE SERVICE ACTION RESULTS (CSAR) PAC,D,N,YE,P2026,2.02601E+17,24K,CCM,DARRELL ISSA FOR CONGRESS,IRVINE,CA,92618,,,12302025,2700,C00721332,H0CA48024,#N/A,SB23.4357,1942923,,,4.03032E+18
C00880724,CONSERVATIVE SERVICE ACTION RESULTS (CSAR) PAC,"DOWNING, TROY",CONSERVATIVE SERVICE ACTION RESULTS (CSAR) PAC,D,N,MY,P2026,2.02507E+17,24K,CCM,DON BACON FOR CONGRESS,OMAHA,NE,68139,,,3202025,500,C00575167,H6NE02125,#N/A,SB23.4282,1907573,,,4.07312E+18
C00880724,CONSERVATIVE SERVICE ACTION RESULTS (CSAR) PAC,"DOWNING, TROY",CONSERVATIVE SERVICE ACTION RESULTS (CSAR) PAC,D,N,MY,P2026,2.02507E+17,24K,CCM,ELECTGABEEVANS.COM,WESTMINSTER,CO,80035,,,3202025,500,C00849844,H4CO08034,"EVANS, TIMOTHY GABRIEL JOSEPH",SB23.4270,1907573,,,4.07312E+18
C00880724,CONSERVATIVE SERVICE ACTION RESULTS (CSAR) PAC,"DOWNING, TROY",CONSERVATIVE SERVICE ACTION RESULTS (CSAR) PAC,D,N,MY,P2026,2.02507E+17,24K,CCM,ELECTGABEEVANS.COM,WESTMINSTER,CO,80035,,,6242025,1000,C00849844,H4CO08034,"EVANS, TIMOTHY GABRIEL JOSEPH",SB23.4303,1907573,,,4.07312E+18
C00880724,CONSERVATIVE SERVICE ACTION RESULTS (CSAR) PAC,"DOWNING, TROY",CONSERVATIVE SERVICE ACTION RESULTS (CSAR) PAC,D,N,YE,P2026,2.02601E+17,24K,CCM,ELECTGABEEVANS.COM,WESTMINSTER,CO,80035,,,9162025,1000,C00849844,H4CO08034,"EVANS, TIMOTHY GABRIEL JOSEPH",SB23.4338,1942923,,,4.03032E+18
C00880724,CONSERVATIVE SERVICE ACTION RESULTS (CSAR) PAC,"DOWNING, TROY",CONSERVATIVE SERVICE ACTION RESULTS (CSAR) PAC,D,N,YE,P2026,2.02601E+17,24K,CCM,ELECTGABEEVANS.COM,WESTMINSTER,CO,80035,,,12172025,1000,C00849844,H4CO08034,"EVANS, TIMOTHY GABRIEL JOSEPH",SB23.4350,1942923,,,4.03032E+18
C00880724,CONSERVATIVE SERVICE ACTION RESULTS (CSAR) PAC,"DOWNING, TROY",CONSERVATIVE SERVICE ACTION RESULTS (CSAR) PAC,D,N,YE,G2026,2.02601E+17,24K,CCM,ELECTGABEEVANS.COM,WESTMINSTER,CO,80035,,,12292025,3500,C00849844,H4CO08034,"EVANS, TIMOTHY GABRIEL JOSEPH",SB23.4354,1942923,,,4.03032E+18
C00880724,CONSERVATIVE SERVICE ACTION RESULTS (CSAR) PAC,"DOWNING, TROY",CONSERVATIVE SERVICE ACTION RESULTS (CSAR) PAC,D,N,MY,P2026,2.02507E+17,24K,CCM,FRIENDS OF DAVID SCHWEIKERT,SCOTTSDALE,AZ,85255,,,3202025,500,C00540617,H4AZ06045,#N/A,SB23.4259,1907573,,,4.07312E+18
C00880724,CONSERVATIVE SERVICE ACTION RESULTS (CSAR) PAC,"DOWNING, TROY",CONSERVATIVE SERVICE ACTION RESULTS (CSAR) PAC,D,N,MY,S2025,2.02507E+17,24K,CCM,"FRIENDS OF JIMMY PATRONIS, INC.",MOUNTAIN BROOK,AL,35223,,,1272025,1000,C00893594,H6FL01390,"PATRONIS, JIMMY JR.",SB23.4253,1907573,,,4.07312E+18
C00880724,CONSERVATIVE SERVICE ACTION RESULTS (CSAR) PAC,"DOWNING, TROY",CONSERVATIVE SERVICE ACTION RESULTS (CSAR) PAC,D,N,Q2,P2026,2.02607E+17,24K,CCM,HUIZENGA FOR CONGRESS,ZEELAND,MI,49464,,,6302026,3000,C00459297,H0MI02094,"HUIZENGA, WILLIAM P",SB23.4392,1994746,,,4.07272E+18
C00880724,CONSERVATIVE SERVICE ACTION RESULTS (CSAR) PAC,"DOWNING, TROY",CONSERVATIVE SERVICE ACTION RESULTS (CSAR) PAC,D,N,MY,P2026,2.02507E+17,24K,CCM,IOWANS FOR ZACH NUNN,DES MOINES,IA,50301,,,3202025,500,C00784389,H2IA03119,"NUNN, ZACH",SB23.4276,1907573,,,4.07312E+18
C00880724,CONSERVATIVE SERVICE ACTION RESULTS (CSAR) PAC,"DOWNING, TROY",CONSERVATIVE SERVICE ACTION RESULTS (CSAR) PAC,D,N,YE,P2026,2.02601E+17,24K,CCM,IOWANS FOR ZACH NUNN,DES MOINES,IA,50301,,,9162025,2000,C00784389,H2IA03119,"NUNN, ZACH",SB23.4334,1942923,,,4.03032E+18
C00880724,CONSERVATIVE SERVICE ACTION RESULTS (CSAR) PAC,"DOWNING, TROY",CONSERVATIVE SERVICE ACTION RESULTS (CSAR) PAC,D,N,Q1,P2026,2.02604E+17,24K,CCM,IOWANS FOR ZACH NUNN,DES MOINES,IA,50301,,,3162026,1000,C00784389,H2IA03119,"NUNN, ZACH",SB23.4377,1964098,,,4.05052E+18
C00880724,CONSERVATIVE SERVICE ACTION RESULTS (CSAR) PAC,"DOWNING, TROY",CONSERVATIVE SERVICE ACTION RESULTS (CSAR) PAC,D,N,Q1,G2026,2.02604E+17,24K,CCM,IOWANS FOR ZACH NUNN,DES MOINES,IA,50301,,,3162026,1500,C00784389,H2IA03119,"NUNN, ZACH",SB23.4378,1964098,,,4.05052E+18
C00880724,CONSERVATIVE SERVICE ACTION RESULTS (CSAR) PAC,"DOWNING, TROY",CONSERVATIVE SERVICE ACTION RESULTS (CSAR) PAC,D,N,MY,P2026,2.02507E+17,24K,CCM,JEFF CRANK FOR CONGRESS,COLORADO SPRINGS,CO,80920,,,6262025,3500,C00865592,H6CO05142,"CRANK, JEFF",SB23.4305,1907573,,,4.07312E+18
C00880724,CONSERVATIVE SERVICE ACTION RESULTS (CSAR) PAC,"DOWNING, TROY",CONSERVATIVE SERVICE ACTION RESULTS (CSAR) PAC,D,N,Q2,P2026,2.02607E+17,24K,CCM,JEFF CRANK FOR CONGRESS,COLORADO SPRINGS,CO,80920,,,6092026,1500,C00865592,H6CO05142,"CRANK, JEFF",SB23.4390,1994746,,,4.07272E+18
C00880724,CONSERVATIVE SERVICE ACTION RESULTS (CSAR) PAC,"DOWNING, TROY",CONSERVATIVE SERVICE ACTION RESULTS (CSAR) PAC,D,N,Q2,G2026,2.02607E+17,24K,CCM,JEFF CRANK FOR CONGRESS,COLORADO SPRINGS,CO,80920,,,6092026,3500,C00865592,H6CO05142,"CRANK, JEFF",SB23.4391,1994746,,,4.07272E+18
C00880724,CONSERVATIVE SERVICE ACTION RESULTS (CSAR) PAC,"DOWNING, TROY",CONSERVATIVE SERVICE ACTION RESULTS (CSAR) PAC,D,N,MY,P2026,2.02507E+17,24K,CCM,KEAN FOR CONGRESS INC,EDISON,NJ,8818,,,3202025,500,C00703058,H0NJ07261,"KEAN, THOMAS H. JR.",SB23.4283,1907573,,,4.07312E+18
C00880724,CONSERVATIVE SERVICE ACTION RESULTS (CSAR) PAC,"DOWNING, TROY",CONSERVATIVE SERVICE ACTION RESULTS (CSAR) PAC,D,N,MY,P2026,2.02507E+17,24K,CCM,KEN CALVERT FOR CONGRESS COMMITTEE,CORONA,CA,92878,,,3202025,500,C00257337,H2CA37023,"CALVERT, KEN",SB23.4267,1907573,,,4.07312E+18
C00880724,CONSERVATIVE SERVICE ACTION RESULTS (CSAR) PAC,"DOWNING, TROY",CONSERVATIVE SERVICE ACTION RESULTS (CSAR) PAC,D,N,MY,P2026,2.02507E+17,24K,CCM,KEN CALVERT FOR CONGRESS COMMITTEE,CORONA,CA,92878,,,6302025,1000,C00257337,H2CA37023,"CALVERT, KEN",SB23.4310,1907573,,,4.07312E+18
C00880724,CONSERVATIVE SERVICE ACTION RESULTS (CSAR) PAC,"DOWNING, TROY",CONSERVATIVE SERVICE ACTION RESULTS (CSAR) PAC,D,N,MY,P2026,2.02507E+17,24K,CCM,KIGGANS FOR CONGRESS,VIRGINIA BEACH,VA,23471,,,6272025,1000,C00776120,H2VA02064,"KIGGANS, JENNIFER",SB23.4309,1907573,,,4.07312E+18
C00880724,CONSERVATIVE SERVICE ACTION RESULTS (CSAR) PAC,"DOWNING, TROY",CONSERVATIVE SERVICE ACTION RESULTS (CSAR) PAC,D,N,MY,P2026,2.02507E+17,24K,CCM,"LAWLER FOR CONGRESS, INC.",SOUTH SALEM,NY,10590,,,3202025,500,C00815415,H2NY17162,"LAWLER, MICHAEL VINCENT",SB23.4286,1907573,,,4.07312E+18
C00880724,CONSERVATIVE SERVICE ACTION RESULTS (CSAR) PAC,"DOWNING, TROY",CONSERVATIVE SERVICE ACTION RESULTS (CSAR) PAC,D,N,YE,P2026,2.02601E+17,24K,CCM,"LAWLER FOR CONGRESS, INC.",SOUTH SALEM,NY,10590,,,9162025,2000,C00815415,H2NY17162,"LAWLER, MICHAEL VINCENT",SB23.4333,1942923,,,4.03032E+18
C00880724,CONSERVATIVE SERVICE ACTION RESULTS (CSAR) PAC,"DOWNING, TROY",CONSERVATIVE SERVICE ACTION RESULTS (CSAR) PAC,D,N,Q1,P2026,2.02604E+17,24K,CCM,"LAWLER FOR CONGRESS, INC.",SOUTH SALEM,NY,10590,,,3172026,1000,C00815415,H2NY17162,"LAWLER, MICHAEL VINCENT",SB23.4379,1964098,,,4.05052E+18
C00880724,CONSERVATIVE SERVICE ACTION RESULTS (CSAR) PAC,"DOWNING, TROY",CONSERVATIVE SERVICE ACTION RESULTS (CSAR) PAC,D,N,Q1,G2026,2.02604E+17,24K,CCM,"LAWLER FOR CONGRESS, INC.",SOUTH SALEM,NY,10590,,,3172026,1500,C00815415,H2NY17162,"LAWLER, MICHAEL VINCENT",SB23.4380,1964098,,,4.05052E+18
C00880724,CONSERVATIVE SERVICE ACTION RESULTS (CSAR) PAC,"DOWNING, TROY",CONSERVATIVE SERVICE ACTION RESULTS (CSAR) PAC,D,N,MY,P2026,2.02507E+17,24K,CCM,MACKENZIE FOR CONGRESS COMMITTEE,EMMAUS,PA,18049,,,3202025,500,C00846501,H8PA15195,"MACKENZIE, RYAN EDWARD",SB23.4293,1907573,,,4.07312E+18
C00880724,CONSERVATIVE SERVICE ACTION RESULTS (CSAR) PAC,"DOWNING, TROY",CONSERVATIVE SERVICE ACTION RESULTS (CSAR) PAC,D,N,YE,P2026,2.02601E+17,24K,CCM,MACKENZIE FOR CONGRESS COMMITTEE,EMMAUS,PA,18049,,,12172025,1000,C00846501,H8PA15195,"MACKENZIE, RYAN EDWARD",SB23.4352,1942923,,,4.03032E+18
C00880724,CONSERVATIVE SERVICE ACTION RESULTS (CSAR) PAC,"DOWNING, TROY",CONSERVATIVE SERVICE ACTION RESULTS (CSAR) PAC,D,N,YE,P2026,2.02601E+17,24K,CCM,MARK TEIXEIRA FOR CONGRESS,DRIPPING SPRINGS,TX,78620,,,9292025,2000,C00917658,H6TX21301,"TEIXEIRA, MARK CHARLES",SB23.4339,1942923,,,4.03032E+18
C00880724,CONSERVATIVE SERVICE ACTION RESULTS (CSAR) PAC,"DOWNING, TROY",CONSERVATIVE SERVICE ACTION RESULTS (CSAR) PAC,D,N,YE,S2025,2.02601E+17,24K,CCM,MATT VAN EPPS FOR CONGRESS,DICKSON,TN,37056,,,11242025,1000,C00908202,H6TN07161,"VAN EPPS, MATTHEW ROBERT",SB23.4342,1942923,,,4.03032E+18
C00880724,CONSERVATIVE SERVICE ACTION RESULTS (CSAR) PAC,"DOWNING, TROY",CONSERVATIVE SERVICE ACTION RESULTS (CSAR) PAC,D,N,Q2,P2026,2.02607E+17,24K,CCM,MCGUIRE FOR VIRGINIA,MANAKIN SABOT,VA,23103,,,6302026,1000,C00856831,H2VA07196,#N/A,SB23.4395,1994746,,,4.07272E+18
C00880724,CONSERVATIVE SERVICE ACTION RESULTS (CSAR) PAC,"DOWNING, TROY",CONSERVATIVE SERVICE ACTION RESULTS (CSAR) PAC,D,N,MY,P2026,2.02507E+17,24K,CCM,MILLER-MEEKS FOR CONGRESS,OTTUMWA,IA,52501,,,3202025,500,C00558825,H8IA02043,"MILLER-MEEKS, MARIANNETTE JANE",SB23.4273,1907573,,,4.07312E+18
C00880724,CONSERVATIVE SERVICE ACTION RESULTS (CSAR) PAC,"DOWNING, TROY",CONSERVATIVE SERVICE ACTION RESULTS (CSAR) PAC,D,N,MY,P2026,2.02507E+17,24K,CCM,ROB FOR PA,PITTSTON,PA,18640,,,3202025,500,C00852137,H4PA08124,"BRESNAHAN, ROB",SB23.4296,1907573,,,4.07312E+18
C00880724,CONSERVATIVE SERVICE ACTION RESULTS (CSAR) PAC,"DOWNING, TROY",CONSERVATIVE SERVICE ACTION RESULTS (CSAR) PAC,D,N,MY,P2026,2.02507E+17,24K,CCM,ROB FOR PA,PITTSTON,PA,18640,,,6242025,1000,C00852137,H4PA08124,"BRESNAHAN, ROB",SB23.4301,1907573,,,4.07312E+18
C00880724,CONSERVATIVE SERVICE ACTION RESULTS (CSAR) PAC,"DOWNING, TROY",CONSERVATIVE SERVICE ACTION RESULTS (CSAR) PAC,D,N,YE,P2026,2.02601E+17,24K,CCM,ROB FOR PA,PITTSTON,PA,18640,,,9162025,1000,C00852137,H4PA08124,"BRESNAHAN, ROB",SB23.4336,1942923,,,4.03032E+18
C00880724,CONSERVATIVE SERVICE ACTION RESULTS (CSAR) PAC,"DOWNING, TROY",CONSERVATIVE SERVICE ACTION RESULTS (CSAR) PAC,D,N,YE,P2026,2.02601E+17,24K,CCM,ROB FOR PA,PITTSTON,PA,18640,,,12172025,1000,C00852137,H4PA08124,"BRESNAHAN, ROB",SB23.4351,1942923,,,4.03032E+18
C00880724,CONSERVATIVE SERVICE ACTION RESULTS (CSAR) PAC,"DOWNING, TROY",CONSERVATIVE SERVICE ACTION RESULTS (CSAR) PAC,D,N,YE,G2026,2.02601E+17,24K,CCM,ROGER WILLIAMS FOR U S CONGRESS COMMITTEE,CLEBURNE,TX,76031,,,12162025,1500,C00498121,H2TX33040,"WILLIAMS, ROGER",SB23.4348,1942923,,,4.03032E+18
C00880724,CONSERVATIVE SERVICE ACTION RESULTS (CSAR) PAC,"DOWNING, TROY",CONSERVATIVE SERVICE ACTION RESULTS (CSAR) PAC,D,N,YE,P2026,2.02601E+17,24K,CCM,ROGER WILLIAMS FOR U S CONGRESS COMMITTEE,CLEBURNE,TX,76031,,,12162025,3500,C00498121,H2TX33040,"WILLIAMS, ROGER",SB23.4345,1942923,,,4.03032E+18
C00880724,CONSERVATIVE SERVICE ACTION RESULTS (CSAR) PAC,"DOWNING, TROY",CONSERVATIVE SERVICE ACTION RESULTS (CSAR) PAC,D,N,MY,P2026,2.02507E+17,24K,CCM,TOM BARRETT FOR CONGRESS,LANSING,MI,48901,,,3202025,500,C00793976,H2MI07123,"BARRETT, THOMAS MORE",SB23.4279,1907573,,,4.07312E+18
C00880724,CONSERVATIVE SERVICE ACTION RESULTS (CSAR) PAC,"DOWNING, TROY",CONSERVATIVE SERVICE ACTION RESULTS (CSAR) PAC,D,N,MY,P2026,2.02507E+17,24K,CCM,TOM BARRETT FOR CONGRESS,LANSING,MI,48901,,,6242025,1000,C00793976,H2MI07123,"BARRETT, THOMAS MORE",SB23.4300,1907573,,,4.07312E+18
C00880724,CONSERVATIVE SERVICE ACTION RESULTS (CSAR) PAC,"DOWNING, TROY",CONSERVATIVE SERVICE ACTION RESULTS (CSAR) PAC,D,N,MY,P2026,2.02507E+17,24K,CCM,TOM BARRETT FOR CONGRESS,LANSING,MI,48901,,,6272025,1000,C00793976,H2MI07123,"BARRETT, THOMAS MORE",SB23.4308,1907573,,,4.07312E+18
C00880724,CONSERVATIVE SERVICE ACTION RESULTS (CSAR) PAC,"DOWNING, TROY",CONSERVATIVE SERVICE ACTION RESULTS (CSAR) PAC,D,N,YE,P2026,2.02601E+17,24K,CCM,TOM BARRETT FOR CONGRESS,LANSING,MI,48901,,,9162025,1000,C00793976,H2MI07123,"BARRETT, THOMAS MORE",SB23.4335,1942923,,,4.03032E+18
C00880724,CONSERVATIVE SERVICE ACTION RESULTS (CSAR) PAC,"DOWNING, TROY",CONSERVATIVE SERVICE ACTION RESULTS (CSAR) PAC,D,N,YE,G2026,2.02601E+17,24K,CCM,TOM BARRETT FOR CONGRESS,LANSING,MI,48901,,,12172025,1000,C00793976,H2MI07123,"BARRETT, THOMAS MORE",SB23.4349,1942923,,,4.03032E+18
C00880724,CONSERVATIVE SERVICE ACTION RESULTS (CSAR) PAC,"DOWNING, TROY",CONSERVATIVE SERVICE ACTION RESULTS (CSAR) PAC,D,N,Q1,G2026,2.02604E+17,24K,CCM,TOM BARRETT FOR CONGRESS,LANSING,MI,48901,,,3172026,3500,C00793976,H2MI07123,"BARRETT, THOMAS MORE",SB23.4381,1964098,,,4.05052E+18
C00880724,CONSERVATIVE SERVICE ACTION RESULTS (CSAR) PAC,"DOWNING, TROY",CONSERVATIVE SERVICE ACTION RESULTS (CSAR) PAC,D,N,MY,P2026,2.02507E+17,24K,CCM,VALADAO FOR CONGRESS,FRESNO,CA,93704,,,3202025,500,C00499392,H2CA20094,"VALADAO, DAVID",SB23.4265,1907573,,,4.07312E+18
C00880724,CONSERVATIVE SERVICE ACTION RESULTS (CSAR) PAC,"DOWNING, TROY",CONSERVATIVE SERVICE ACTION RESULTS (CSAR) PAC,D,N,MY,P2026,2.02507E+17,24K,CCM,VAN ORDEN FOR CONGRESS,LA CROSSE,WI,54602,,,6242025,1000,C00742007,H0WI03175,"VAN ORDEN, DERRICK F. MR.",SB23.4302,1907573,,,4.07312E+18
C00880724,CONSERVATIVE SERVICE ACTION RESULTS (CSAR) PAC,"DOWNING, TROY",CONSERVATIVE SERVICE ACTION RESULTS (CSAR) PAC,D,N,YE,P2026,2.02601E+17,24K,CCM,VAN ORDEN FOR CONGRESS,LA CROSSE,WI,54602,,,12302025,2500,C00742007,H0WI03175,"VAN ORDEN, DERRICK F. MR.",SB23.4355,1942923,,,4.03032E+18
C00880724,CONSERVATIVE SERVICE ACTION RESULTS (CSAR) PAC,"DOWNING, TROY",CONSERVATIVE SERVICE ACTION RESULTS (CSAR) PAC,D,N,YE,G2026,2.02601E+17,24K,CCM,VAN ORDEN FOR CONGRESS,LA CROSSE,WI,54602,,,12302025,2500,C00742007,H0WI03175,"VAN ORDEN, DERRICK F. MR.",SB23.4356,1942923,,,4.03032E+18
C00880724,CONSERVATIVE SERVICE ACTION RESULTS (CSAR) PAC,"DOWNING, TROY",CONSERVATIVE SERVICE ACTION RESULTS (CSAR) PAC,D,N,MY,P2026,2.02507E+17,24K,CCM,YOUNG KIM FOR CONGRESS,ANAHEIM,CA,92817,,,3202025,500,C00665638,H8CA39240,"KIM, YOUNG",SB23.4266,1907573,,,4.07312E+18
C00880724,CONSERVATIVE SERVICE ACTION RESULTS (CSAR) PAC,"DOWNING, TROY",CONSERVATIVE SERVICE ACTION RESULTS (CSAR) PAC,D,N,YE,P2026,2.02601E+17,24K,CCM,YOUNG KIM FOR CONGRESS,ANAHEIM,CA,92817,,,9162025,2000,C00665638,H8CA39240,"KIM, YOUNG",SB23.4332,1942923,,,4.03032E+18
C00941633,THE MONTANA WAY PAC,"JACOBSEN, CHRISTI",THE MONTANA WAY PAC,D,A,Q1,R2026,2.02604E+17,24K,CCM,BRISCOE CAIN FOR CONGRESS,DEER PARK,TX,77536,,,3312026,3500,C00917393,H6TX09124,"CAIN, BRISCOE ROWELL III",SB23.4124,1971365,,,4.06022E+18
C00941633,THE MONTANA WAY PAC,"JACOBSEN, CHRISTI",THE MONTANA WAY PAC,D,A,Q1,P2026,2.02604E+17,24K,CCM,CATALINA LAUF FOR CONGRESS,BONITA SPRINGS,FL,34135,,,3312026,3500,C00921783,H6FL19186,"LAUF, CATALINA",SB23.4135,1971365,,,4.06022E+18
C00941633,THE MONTANA WAY PAC,"JACOBSEN, CHRISTI",THE MONTANA WAY PAC,D,A,Q1,P2026,2.02604E+17,24K,CCM,SCHWARZE FOR SENATE,SAVAGE,MN,55378,,,3312026,3500,C00898817,S6MN00457,"SCHWARZE, ADAM",SB23.4131,1971365,,,4.06022E+18
